{"cameraMode":{"drawMode":0,"name":"Shaded","section":"Shading Mode"},"sceneLighting":false,"audioPlay":false,"sceneViewState":{"m_AlwaysRefresh":false,"showFog":true,"showSkybox":false,"showFlares":true,"showImageEffects":true,"showParticleSystems":true,"showVisualEffectGraphs":true,"m_FxEnabled":true},"in2DMode":false,"pivot":{"x":-14.182056427001954,"y":1.122139811515808,"z":38.6185417175293},"rotation":{"x":0.22519727051258088,"y":0.16251198947429658,"z":-0.038067255169153216,"w":0.9599205851554871},"size":4.1314287185668949,"orthographic":false}