{"cameraMode":{"drawMode":0,"name":"Shaded","section":"Shading Mode"},"sceneLighting":false,"audioPlay":false,"sceneViewState":{"m_AlwaysRefresh":false,"showFog":true,"showSkybox":false,"showFlares":true,"showImageEffects":true,"showParticleSystems":true,"showVisualEffectGraphs":true,"m_FxEnabled":true},"in2DMode":false,"pivot":{"x":4.7525434494018559,"y":2.061145067214966,"z":5.297674655914307},"rotation":{"x":0.18115933239459992,"y":-0.051896028220653537,"z":0.009630074724555016,"w":0.9820467233657837},"size":2.8271963596343996,"orthographic":false}