{"cameraMode":{"drawMode":0,"name":"Shaded","section":"Shading Mode"},"sceneLighting":false,"audioPlay":false,"sceneViewState":{"m_AlwaysRefresh":false,"showFog":true,"showSkybox":false,"showFlares":true,"showImageEffects":true,"showParticleSystems":true,"showVisualEffectGraphs":true,"m_FxEnabled":true},"in2DMode":false,"pivot":{"x":-33.17401123046875,"y":1.1472868919372559,"z":0.0871783047914505},"rotation":{"x":0.16382060945034028,"y":-0.6645326018333435,"z":0.15278299152851106,"w":0.7129073143005371},"size":1.1145024299621583,"orthographic":false}