{"cameraMode":{"drawMode":0,"name":"Shaded","section":"Shading Mode"},"sceneLighting":false,"audioPlay":false,"sceneViewState":{"m_AlwaysRefresh":false,"showFog":true,"showSkybox":false,"showFlares":true,"showImageEffects":true,"showParticleSystems":true,"showVisualEffectGraphs":true,"m_FxEnabled":true},"in2DMode":false,"pivot":{"x":0.10700617730617523,"y":-0.046844735741615298,"z":0.37317803502082827},"rotation":{"x":0.19404548406600953,"y":0.07907605916261673,"z":-0.01563485711812973,"w":0.9776871800422669},"size":0.8660253882408142,"orthographic":false}